name,nationality,age
Falito Dobie,Indonesia,1
Waldon Trice,China,2
Nicolis Franceschi,China,3
Marsh McCorkell,Germany,4
Bobbie Penniall,Slovenia,5
Gil Chaffin,Madagascar,6
Currie Caws,Portugal,7
Rania Greaves,Argentina,8
Glen Hellikes,Panama,9
Eartha Horlick,Japan,10
Aubrey Daws,China,11
Arnoldo Capron,China,12
Guillemette Jillett,Argentina,13
Mellie Rubinow,China,14
Marybelle Grigorkin,Brazil,15
Tasha Holbie,Norway,16
Reggi Starton,Brazil,17
Neila Bengall,Russia,18
Maurits Muino,Russia,19
Pace Ianiello,Mexico,20
Billi Townsley,Uzbekistan,21
Demetri Seery,China,22
Jarrid Crippell,Japan,23
Carling Bezant,Sweden,24
Cathleen Worcester,Syria,25
Caryn Gissop,Brazil,26
Harman McQuie,China,27
Pauli Illiston,South Africa,28
Elga Idell,France,29
Katharyn Bernhardt,Colombia,30
Hatti Gilpillan,China,31
Northrop Picken,Indonesia,32
Xylina Jope,Austria,33
Stefa Jowsey,Malta,34
Lillis Childerley,Japan,35
Hakeem Craddy,Spain,36
Cozmo Tippell,France,37
Meggi Baglan,Malaysia,38
Kally MacIlraith,Iraq,39
Eleonora Beagrie,Cameroon,40
Mandy Dethloff,Indonesia,41
Jaymee Rawlcliffe,Azerbaijan,42
Clair Hutchcraft,Russia,43
Georgette Ciabatteri,Serbia,44
Ameline Ferrieroi,Cuba,45
Chastity Adel,Syria,46
Desmond Haile,Indonesia,47
Brianna Clayden,Brazil,48
Nonnah Colquete,China,49
Amalee Levicount,Mexico,50
